"OS","AppLaunches","percent"
"Android",382.643,0.682999576966259
"iOS",145.662,0.259999750106651
"Windows",31.934,0.05700067292709
